id;name;firstname;mail
1;Dupont;Luc;test@3ie.fr
2;Dupond;Dylan;test2@3ie.fr
3;Dupont;Luc;test@3ie.fr
4;Dupond;Dylan;test2@3ie.fr
5;Dupont;Luc;test@3ie.fr
6;Dupond;Dylan;test2@3ie.fr
7;Dupont;Luc;test@3ie.fr
8;Dupond;Dylan;test2@3ie.fr
9;Dupont;Luc;test@3ie.fr
10;Dupond;Dylan;test2@3ie.fr
11;Dupont;Luc;test@3ie.fr
12;Dupond;Dylan;test2@3ie.fr
13;Dupont;Luc;test@3ie.fr
14;Dupond;Dylan;test2@3ie.fr
15;Dupont;Luc;test@3ie.fr
16;Dupond;Dylan;test2@3ie.fr
17;Dupont;Luc;test@3ie.fr
18;Dupond;Dylan;test2@3ie.fr
19;Dupont;Luc;test@3ie.fr
20;Dupond;Dylan;test2@3ie.fr
21;Dupont;Luc;test@3ie.fr
22;Dupond;Dylan;test2@3ie.fr
23;Dupont;Luc;test@3ie.fr
24;Dupond;Dylan;test2@3ie.fr
25;Dupont;Luc;test@3ie.fr
26;Dupond;Dylan;test2@3ie.fr
27;Dupont;Luc;test@3ie.fr
28;Dupond;Dylan;test2@3ie.fr
29;Dupont;Luc;test@3ie.fr
30;Dupond;Dylan;test2@3ie.fr
